phase	dataset	seed	results_json	params
ablation_bimc	CIFAR100	1	experiments/bmvc_1256_20260508-124032/CIFAR100/bimc/seed1_20260508-124039/results.json	train_cfg=bimc.yaml
ablation_bimc_ensemble	CIFAR100	1	experiments/bmvc_1256_20260508-124032/CIFAR100/bimc_ensemble/seed1_20260508-124254/results.json	train_cfg=bimc_ensemble.yaml
ablation_dino_fusion	CIFAR100	1	experiments/bmvc_1256_20260508-124032/CIFAR100/bimc_dino_fusion_ensemble/seed1_20260508-124510/results.json	train_cfg=bimc_dino_fusion.yaml
ablation_bimc	miniimagenet	1	experiments/bmvc_1256_20260508-124032/miniimagenet/bimc/seed1_20260508-125327/results.json	train_cfg=bimc.yaml
ablation_bimc_ensemble	miniimagenet	1	experiments/bmvc_1256_20260508-124032/miniimagenet/bimc_ensemble/seed1_20260508-125544/results.json	train_cfg=bimc_ensemble.yaml
ablation_dino_fusion	miniimagenet	1	experiments/bmvc_1256_20260508-124032/miniimagenet/bimc_dino_fusion_ensemble/seed1_20260508-125802/results.json	train_cfg=bimc_dino_fusion.yaml
ablation_bimc	cub200	1	experiments/bmvc_1256_20260508-124032/cub200/bimc/seed1_20260508-130622/results.json	train_cfg=bimc.yaml
ablation_bimc_ensemble	cub200	1	experiments/bmvc_1256_20260508-124032/cub200/bimc_ensemble/seed1_20260508-130745/results.json	train_cfg=bimc_ensemble.yaml
ablation_dino_fusion	cub200	1	experiments/bmvc_1256_20260508-124032/cub200/bimc_dino_fusion_ensemble/seed1_20260508-130912/results.json	train_cfg=bimc_dino_fusion.yaml
ablation_bimc	CIFAR100	2	experiments/bmvc_1256_20260508-124032/CIFAR100/bimc/seed2_20260508-155740/results.json	train_cfg=bimc.yaml
ablation_bimc_ensemble	CIFAR100	2	experiments/bmvc_1256_20260508-124032/CIFAR100/bimc_ensemble/seed2_20260508-155959/results.json	train_cfg=bimc_ensemble.yaml
ablation_dino_fusion	CIFAR100	2	experiments/bmvc_1256_20260508-124032/CIFAR100/bimc_dino_fusion_ensemble/seed2_20260508-160223/results.json	train_cfg=bimc_dino_fusion.yaml
ablation_bimc	miniimagenet	2	experiments/bmvc_1256_20260508-124032/miniimagenet/bimc/seed2_20260508-161028/results.json	train_cfg=bimc.yaml
ablation_bimc_ensemble	miniimagenet	2	experiments/bmvc_1256_20260508-124032/miniimagenet/bimc_ensemble/seed2_20260508-161245/results.json	train_cfg=bimc_ensemble.yaml
ablation_dino_fusion	miniimagenet	2	experiments/bmvc_1256_20260508-124032/miniimagenet/bimc_dino_fusion_ensemble/seed2_20260508-161502/results.json	train_cfg=bimc_dino_fusion.yaml
ablation_bimc	cub200	2	experiments/bmvc_1256_20260508-124032/cub200/bimc/seed2_20260508-162322/results.json	train_cfg=bimc.yaml
ablation_bimc_ensemble	cub200	2	experiments/bmvc_1256_20260508-124032/cub200/bimc_ensemble/seed2_20260508-162445/results.json	train_cfg=bimc_ensemble.yaml
ablation_dino_fusion	cub200	2	experiments/bmvc_1256_20260508-124032/cub200/bimc_dino_fusion_ensemble/seed2_20260508-162608/results.json	train_cfg=bimc_dino_fusion.yaml
ablation_bimc	CIFAR100	3	experiments/bmvc_1256_20260508-124032/CIFAR100/bimc/seed3_20260508-163037/results.json	train_cfg=bimc.yaml
ablation_bimc_ensemble	CIFAR100	3	experiments/bmvc_1256_20260508-124032/CIFAR100/bimc_ensemble/seed3_20260508-163253/results.json	train_cfg=bimc_ensemble.yaml
ablation_dino_fusion	CIFAR100	3	experiments/bmvc_1256_20260508-124032/CIFAR100/bimc_dino_fusion_ensemble/seed3_20260508-163510/results.json	train_cfg=bimc_dino_fusion.yaml
ablation_bimc	miniimagenet	3	experiments/bmvc_1256_20260508-124032/miniimagenet/bimc/seed3_20260508-164328/results.json	train_cfg=bimc.yaml
ablation_bimc_ensemble	miniimagenet	3	experiments/bmvc_1256_20260508-124032/miniimagenet/bimc_ensemble/seed3_20260508-164545/results.json	train_cfg=bimc_ensemble.yaml
ablation_dino_fusion	miniimagenet	3	experiments/bmvc_1256_20260508-124032/miniimagenet/bimc_dino_fusion_ensemble/seed3_20260508-164803/results.json	train_cfg=bimc_dino_fusion.yaml
ablation_bimc	cub200	3	experiments/bmvc_1256_20260508-124032/cub200/bimc/seed3_20260508-165623/results.json	train_cfg=bimc.yaml
ablation_bimc_ensemble	cub200	3	experiments/bmvc_1256_20260508-124032/cub200/bimc_ensemble/seed3_20260508-165746/results.json	train_cfg=bimc_ensemble.yaml
ablation_dino_fusion	cub200	3	experiments/bmvc_1256_20260508-124032/cub200/bimc_dino_fusion_ensemble/seed3_20260508-165909/results.json	train_cfg=bimc_dino_fusion.yaml
ablation_bimc	CIFAR100	4	experiments/bmvc_1256_20260508-124032/CIFAR100/bimc/seed4_20260508-170338/results.json	train_cfg=bimc.yaml
ablation_bimc_ensemble	CIFAR100	4	experiments/bmvc_1256_20260508-124032/CIFAR100/bimc_ensemble/seed4_20260508-170555/results.json	train_cfg=bimc_ensemble.yaml
ablation_dino_fusion	CIFAR100	4	experiments/bmvc_1256_20260508-124032/CIFAR100/bimc_dino_fusion_ensemble/seed4_20260508-170813/results.json	train_cfg=bimc_dino_fusion.yaml
ablation_bimc	miniimagenet	4	experiments/bmvc_1256_20260508-124032/miniimagenet/bimc/seed4_20260508-171630/results.json	train_cfg=bimc.yaml
ablation_bimc_ensemble	miniimagenet	4	experiments/bmvc_1256_20260508-124032/miniimagenet/bimc_ensemble/seed4_20260508-171847/results.json	train_cfg=bimc_ensemble.yaml
ablation_dino_fusion	miniimagenet	4	experiments/bmvc_1256_20260508-124032/miniimagenet/bimc_dino_fusion_ensemble/seed4_20260508-172104/results.json	train_cfg=bimc_dino_fusion.yaml
ablation_bimc	cub200	4	experiments/bmvc_1256_20260508-124032/cub200/bimc/seed4_20260508-172924/results.json	train_cfg=bimc.yaml
ablation_bimc_ensemble	cub200	4	experiments/bmvc_1256_20260508-124032/cub200/bimc_ensemble/seed4_20260508-173047/results.json	train_cfg=bimc_ensemble.yaml
ablation_dino_fusion	cub200	4	experiments/bmvc_1256_20260508-124032/cub200/bimc_dino_fusion_ensemble/seed4_20260508-173210/results.json	train_cfg=bimc_dino_fusion.yaml
ablation_bimc	CIFAR100	5	experiments/bmvc_1256_20260508-124032/CIFAR100/bimc/seed5_20260508-173640/results.json	train_cfg=bimc.yaml
ablation_bimc_ensemble	CIFAR100	5	experiments/bmvc_1256_20260508-124032/CIFAR100/bimc_ensemble/seed5_20260508-173856/results.json	train_cfg=bimc_ensemble.yaml
ablation_dino_fusion	CIFAR100	5	experiments/bmvc_1256_20260508-124032/CIFAR100/bimc_dino_fusion_ensemble/seed5_20260508-174113/results.json	train_cfg=bimc_dino_fusion.yaml
ablation_bimc	miniimagenet	5	experiments/bmvc_1256_20260508-124032/miniimagenet/bimc/seed5_20260508-174930/results.json	train_cfg=bimc.yaml
ablation_bimc_ensemble	miniimagenet	5	experiments/bmvc_1256_20260508-124032/miniimagenet/bimc_ensemble/seed5_20260508-175148/results.json	train_cfg=bimc_ensemble.yaml
ablation_dino_fusion	miniimagenet	5	experiments/bmvc_1256_20260508-124032/miniimagenet/bimc_dino_fusion_ensemble/seed5_20260508-175405/results.json	train_cfg=bimc_dino_fusion.yaml
ablation_bimc	cub200	5	experiments/bmvc_1256_20260508-124032/cub200/bimc/seed5_20260508-180225/results.json	train_cfg=bimc.yaml
ablation_bimc_ensemble	cub200	5	experiments/bmvc_1256_20260508-124032/cub200/bimc_ensemble/seed5_20260508-180348/results.json	train_cfg=bimc_ensemble.yaml
ablation_dino_fusion	cub200	5	experiments/bmvc_1256_20260508-124032/cub200/bimc_dino_fusion_ensemble/seed5_20260508-180511/results.json	train_cfg=bimc_dino_fusion.yaml
ablation_bimc	CIFAR100	6	experiments/bmvc_1256_20260508-124032/CIFAR100/bimc/seed6_20260508-180940/results.json	train_cfg=bimc.yaml
ablation_bimc_ensemble	CIFAR100	6	experiments/bmvc_1256_20260508-124032/CIFAR100/bimc_ensemble/seed6_20260508-181157/results.json	train_cfg=bimc_ensemble.yaml
ablation_dino_fusion	CIFAR100	6	experiments/bmvc_1256_20260508-124032/CIFAR100/bimc_dino_fusion_ensemble/seed6_20260508-181414/results.json	train_cfg=bimc_dino_fusion.yaml
ablation_bimc	miniimagenet	6	experiments/bmvc_1256_20260508-124032/miniimagenet/bimc/seed6_20260508-182230/results.json	train_cfg=bimc.yaml
ablation_bimc_ensemble	miniimagenet	6	experiments/bmvc_1256_20260508-124032/miniimagenet/bimc_ensemble/seed6_20260508-182449/results.json	train_cfg=bimc_ensemble.yaml
ablation_dino_fusion	miniimagenet	6	experiments/bmvc_1256_20260508-124032/miniimagenet/bimc_dino_fusion_ensemble/seed6_20260508-182706/results.json	train_cfg=bimc_dino_fusion.yaml
ablation_bimc	cub200	6	experiments/bmvc_1256_20260508-124032/cub200/bimc/seed6_20260508-183525/results.json	train_cfg=bimc.yaml
ablation_bimc_ensemble	cub200	6	experiments/bmvc_1256_20260508-124032/cub200/bimc_ensemble/seed6_20260508-183649/results.json	train_cfg=bimc_ensemble.yaml
ablation_dino_fusion	cub200	6	experiments/bmvc_1256_20260508-124032/cub200/bimc_dino_fusion_ensemble/seed6_20260508-183813/results.json	train_cfg=bimc_dino_fusion.yaml
ablation_bimc	CIFAR100	7	experiments/bmvc_1256_20260508-124032/CIFAR100/bimc/seed7_20260508-184241/results.json	train_cfg=bimc.yaml
ablation_bimc_ensemble	CIFAR100	7	experiments/bmvc_1256_20260508-124032/CIFAR100/bimc_ensemble/seed7_20260508-184458/results.json	train_cfg=bimc_ensemble.yaml
ablation_dino_fusion	CIFAR100	7	experiments/bmvc_1256_20260508-124032/CIFAR100/bimc_dino_fusion_ensemble/seed7_20260508-184715/results.json	train_cfg=bimc_dino_fusion.yaml
ablation_bimc	miniimagenet	7	experiments/bmvc_1256_20260508-124032/miniimagenet/bimc/seed7_20260508-185531/results.json	train_cfg=bimc.yaml
ablation_bimc_ensemble	miniimagenet	7	experiments/bmvc_1256_20260508-124032/miniimagenet/bimc_ensemble/seed7_20260508-185750/results.json	train_cfg=bimc_ensemble.yaml
ablation_dino_fusion	miniimagenet	7	experiments/bmvc_1256_20260508-124032/miniimagenet/bimc_dino_fusion_ensemble/seed7_20260508-190007/results.json	train_cfg=bimc_dino_fusion.yaml
ablation_bimc	cub200	7	experiments/bmvc_1256_20260508-124032/cub200/bimc/seed7_20260508-190826/results.json	train_cfg=bimc.yaml
ablation_bimc_ensemble	cub200	7	experiments/bmvc_1256_20260508-124032/cub200/bimc_ensemble/seed7_20260508-190946/results.json	train_cfg=bimc_ensemble.yaml
ablation_dino_fusion	cub200	7	experiments/bmvc_1256_20260508-124032/cub200/bimc_dino_fusion_ensemble/seed7_20260508-191106/results.json	train_cfg=bimc_dino_fusion.yaml
ablation_bimc	CIFAR100	8	experiments/bmvc_1256_20260508-124032/CIFAR100/bimc/seed8_20260508-191520/results.json	train_cfg=bimc.yaml
ablation_bimc_ensemble	CIFAR100	8	experiments/bmvc_1256_20260508-124032/CIFAR100/bimc_ensemble/seed8_20260508-191730/results.json	train_cfg=bimc_ensemble.yaml
ablation_dino_fusion	CIFAR100	8	experiments/bmvc_1256_20260508-124032/CIFAR100/bimc_dino_fusion_ensemble/seed8_20260508-191941/results.json	train_cfg=bimc_dino_fusion.yaml
ablation_bimc	miniimagenet	8	experiments/bmvc_1256_20260508-124032/miniimagenet/bimc/seed8_20260508-192730/results.json	train_cfg=bimc.yaml
ablation_bimc_ensemble	miniimagenet	8	experiments/bmvc_1256_20260508-124032/miniimagenet/bimc_ensemble/seed8_20260508-192942/results.json	train_cfg=bimc_ensemble.yaml
ablation_dino_fusion	miniimagenet	8	experiments/bmvc_1256_20260508-124032/miniimagenet/bimc_dino_fusion_ensemble/seed8_20260508-193152/results.json	train_cfg=bimc_dino_fusion.yaml
ablation_bimc	cub200	8	experiments/bmvc_1256_20260508-124032/cub200/bimc/seed8_20260508-193944/results.json	train_cfg=bimc.yaml
ablation_bimc_ensemble	cub200	8	experiments/bmvc_1256_20260508-124032/cub200/bimc_ensemble/seed8_20260508-194104/results.json	train_cfg=bimc_ensemble.yaml
ablation_dino_fusion	cub200	8	experiments/bmvc_1256_20260508-124032/cub200/bimc_dino_fusion_ensemble/seed8_20260508-194224/results.json	train_cfg=bimc_dino_fusion.yaml
ablation_bimc	CIFAR100	9	experiments/bmvc_1256_20260508-124032/CIFAR100/bimc/seed9_20260508-194639/results.json	train_cfg=bimc.yaml
ablation_bimc_ensemble	CIFAR100	9	experiments/bmvc_1256_20260508-124032/CIFAR100/bimc_ensemble/seed9_20260508-194849/results.json	train_cfg=bimc_ensemble.yaml
ablation_dino_fusion	CIFAR100	9	experiments/bmvc_1256_20260508-124032/CIFAR100/bimc_dino_fusion_ensemble/seed9_20260508-195059/results.json	train_cfg=bimc_dino_fusion.yaml
ablation_bimc	miniimagenet	9	experiments/bmvc_1256_20260508-124032/miniimagenet/bimc/seed9_20260508-195848/results.json	train_cfg=bimc.yaml
ablation_bimc_ensemble	miniimagenet	9	experiments/bmvc_1256_20260508-124032/miniimagenet/bimc_ensemble/seed9_20260508-200100/results.json	train_cfg=bimc_ensemble.yaml
ablation_dino_fusion	miniimagenet	9	experiments/bmvc_1256_20260508-124032/miniimagenet/bimc_dino_fusion_ensemble/seed9_20260508-200313/results.json	train_cfg=bimc_dino_fusion.yaml
ablation_bimc	cub200	9	experiments/bmvc_1256_20260508-124032/cub200/bimc/seed9_20260508-201132/results.json	train_cfg=bimc.yaml
ablation_bimc_ensemble	cub200	9	experiments/bmvc_1256_20260508-124032/cub200/bimc_ensemble/seed9_20260508-201256/results.json	train_cfg=bimc_ensemble.yaml
ablation_dino_fusion	cub200	9	experiments/bmvc_1256_20260508-124032/cub200/bimc_dino_fusion_ensemble/seed9_20260508-201420/results.json	train_cfg=bimc_dino_fusion.yaml
ablation_bimc	CIFAR100	10	experiments/bmvc_1256_20260508-124032/CIFAR100/bimc/seed10_20260508-201849/results.json	train_cfg=bimc.yaml
ablation_bimc_ensemble	CIFAR100	10	experiments/bmvc_1256_20260508-124032/CIFAR100/bimc_ensemble/seed10_20260508-202106/results.json	train_cfg=bimc_ensemble.yaml
ablation_dino_fusion	CIFAR100	10	experiments/bmvc_1256_20260508-124032/CIFAR100/bimc_dino_fusion_ensemble/seed10_20260508-202324/results.json	train_cfg=bimc_dino_fusion.yaml
ablation_bimc	miniimagenet	10	experiments/bmvc_1256_20260508-124032/miniimagenet/bimc/seed10_20260508-203142/results.json	train_cfg=bimc.yaml
ablation_bimc_ensemble	miniimagenet	10	experiments/bmvc_1256_20260508-124032/miniimagenet/bimc_ensemble/seed10_20260508-203400/results.json	train_cfg=bimc_ensemble.yaml
ablation_dino_fusion	miniimagenet	10	experiments/bmvc_1256_20260508-124032/miniimagenet/bimc_dino_fusion_ensemble/seed10_20260508-203619/results.json	train_cfg=bimc_dino_fusion.yaml
ablation_bimc	cub200	10	experiments/bmvc_1256_20260508-124032/cub200/bimc/seed10_20260508-204439/results.json	train_cfg=bimc.yaml
ablation_bimc_ensemble	cub200	10	experiments/bmvc_1256_20260508-124032/cub200/bimc_ensemble/seed10_20260508-204603/results.json	train_cfg=bimc_ensemble.yaml
ablation_dino_fusion	cub200	10	experiments/bmvc_1256_20260508-124032/cub200/bimc_dino_fusion_ensemble/seed10_20260508-204727/results.json	train_cfg=bimc_dino_fusion.yaml
ablation_bimc	CIFAR100	11	experiments/bmvc_1256_20260508-124032/CIFAR100/bimc/seed11_20260508-205157/results.json	train_cfg=bimc.yaml
ablation_bimc_ensemble	CIFAR100	11	experiments/bmvc_1256_20260508-124032/CIFAR100/bimc_ensemble/seed11_20260508-205415/results.json	train_cfg=bimc_ensemble.yaml
ablation_dino_fusion	CIFAR100	11	experiments/bmvc_1256_20260508-124032/CIFAR100/bimc_dino_fusion_ensemble/seed11_20260508-205632/results.json	train_cfg=bimc_dino_fusion.yaml
ablation_bimc	miniimagenet	11	experiments/bmvc_1256_20260508-124032/miniimagenet/bimc/seed11_20260508-210451/results.json	train_cfg=bimc.yaml
ablation_bimc_ensemble	miniimagenet	11	experiments/bmvc_1256_20260508-124032/miniimagenet/bimc_ensemble/seed11_20260508-210710/results.json	train_cfg=bimc_ensemble.yaml
ablation_dino_fusion	miniimagenet	11	experiments/bmvc_1256_20260508-124032/miniimagenet/bimc_dino_fusion_ensemble/seed11_20260508-210928/results.json	train_cfg=bimc_dino_fusion.yaml
ablation_bimc	cub200	11	experiments/bmvc_1256_20260508-124032/cub200/bimc/seed11_20260508-211749/results.json	train_cfg=bimc.yaml
ablation_bimc_ensemble	cub200	11	experiments/bmvc_1256_20260508-124032/cub200/bimc_ensemble/seed11_20260508-211912/results.json	train_cfg=bimc_ensemble.yaml
ablation_dino_fusion	cub200	11	experiments/bmvc_1256_20260508-124032/cub200/bimc_dino_fusion_ensemble/seed11_20260508-212036/results.json	train_cfg=bimc_dino_fusion.yaml
ablation_bimc	CIFAR100	12	experiments/bmvc_1256_20260508-124032/CIFAR100/bimc/seed12_20260508-212507/results.json	train_cfg=bimc.yaml
ablation_bimc_ensemble	CIFAR100	12	experiments/bmvc_1256_20260508-124032/CIFAR100/bimc_ensemble/seed12_20260508-212725/results.json	train_cfg=bimc_ensemble.yaml
ablation_dino_fusion	CIFAR100	12	experiments/bmvc_1256_20260508-124032/CIFAR100/bimc_dino_fusion_ensemble/seed12_20260508-212943/results.json	train_cfg=bimc_dino_fusion.yaml
ablation_bimc	miniimagenet	12	experiments/bmvc_1256_20260508-124032/miniimagenet/bimc/seed12_20260508-213802/results.json	train_cfg=bimc.yaml
ablation_bimc_ensemble	miniimagenet	12	experiments/bmvc_1256_20260508-124032/miniimagenet/bimc_ensemble/seed12_20260508-214014/results.json	train_cfg=bimc_ensemble.yaml
ablation_dino_fusion	miniimagenet	12	experiments/bmvc_1256_20260508-124032/miniimagenet/bimc_dino_fusion_ensemble/seed12_20260508-214225/results.json	train_cfg=bimc_dino_fusion.yaml
ablation_bimc	cub200	12	experiments/bmvc_1256_20260508-124032/cub200/bimc/seed12_20260508-215019/results.json	train_cfg=bimc.yaml
ablation_bimc_ensemble	cub200	12	experiments/bmvc_1256_20260508-124032/cub200/bimc_ensemble/seed12_20260508-215139/results.json	train_cfg=bimc_ensemble.yaml
ablation_dino_fusion	cub200	12	experiments/bmvc_1256_20260508-124032/cub200/bimc_dino_fusion_ensemble/seed12_20260508-215259/results.json	train_cfg=bimc_dino_fusion.yaml
ablation_bimc	CIFAR100	13	experiments/bmvc_1256_20260508-124032/CIFAR100/bimc/seed13_20260508-215715/results.json	train_cfg=bimc.yaml
ablation_bimc_ensemble	CIFAR100	13	experiments/bmvc_1256_20260508-124032/CIFAR100/bimc_ensemble/seed13_20260508-215925/results.json	train_cfg=bimc_ensemble.yaml
ablation_dino_fusion	CIFAR100	13	experiments/bmvc_1256_20260508-124032/CIFAR100/bimc_dino_fusion_ensemble/seed13_20260508-220136/results.json	train_cfg=bimc_dino_fusion.yaml
ablation_bimc	miniimagenet	13	experiments/bmvc_1256_20260508-124032/miniimagenet/bimc/seed13_20260508-220928/results.json	train_cfg=bimc.yaml
ablation_bimc_ensemble	miniimagenet	13	experiments/bmvc_1256_20260508-124032/miniimagenet/bimc_ensemble/seed13_20260508-221139/results.json	train_cfg=bimc_ensemble.yaml
ablation_dino_fusion	miniimagenet	13	experiments/bmvc_1256_20260508-124032/miniimagenet/bimc_dino_fusion_ensemble/seed13_20260508-221350/results.json	train_cfg=bimc_dino_fusion.yaml
ablation_bimc	cub200	13	experiments/bmvc_1256_20260508-124032/cub200/bimc/seed13_20260508-222145/results.json	train_cfg=bimc.yaml
ablation_bimc_ensemble	cub200	13	experiments/bmvc_1256_20260508-124032/cub200/bimc_ensemble/seed13_20260508-222305/results.json	train_cfg=bimc_ensemble.yaml
ablation_dino_fusion	cub200	13	experiments/bmvc_1256_20260508-124032/cub200/bimc_dino_fusion_ensemble/seed13_20260508-222425/results.json	train_cfg=bimc_dino_fusion.yaml
ablation_bimc	CIFAR100	14	experiments/bmvc_1256_20260508-124032/CIFAR100/bimc/seed14_20260508-222842/results.json	train_cfg=bimc.yaml
ablation_bimc_ensemble	CIFAR100	14	experiments/bmvc_1256_20260508-124032/CIFAR100/bimc_ensemble/seed14_20260508-223052/results.json	train_cfg=bimc_ensemble.yaml
ablation_dino_fusion	CIFAR100	14	experiments/bmvc_1256_20260508-124032/CIFAR100/bimc_dino_fusion_ensemble/seed14_20260508-223302/results.json	train_cfg=bimc_dino_fusion.yaml
ablation_bimc	miniimagenet	14	experiments/bmvc_1256_20260508-124032/miniimagenet/bimc/seed14_20260508-224055/results.json	train_cfg=bimc.yaml
ablation_bimc_ensemble	miniimagenet	14	experiments/bmvc_1256_20260508-124032/miniimagenet/bimc_ensemble/seed14_20260508-224306/results.json	train_cfg=bimc_ensemble.yaml
ablation_dino_fusion	miniimagenet	14	experiments/bmvc_1256_20260508-124032/miniimagenet/bimc_dino_fusion_ensemble/seed14_20260508-224517/results.json	train_cfg=bimc_dino_fusion.yaml
ablation_bimc	cub200	14	experiments/bmvc_1256_20260508-124032/cub200/bimc/seed14_20260508-225312/results.json	train_cfg=bimc.yaml
ablation_bimc_ensemble	cub200	14	experiments/bmvc_1256_20260508-124032/cub200/bimc_ensemble/seed14_20260508-225432/results.json	train_cfg=bimc_ensemble.yaml
ablation_dino_fusion	cub200	14	experiments/bmvc_1256_20260508-124032/cub200/bimc_dino_fusion_ensemble/seed14_20260508-225551/results.json	train_cfg=bimc_dino_fusion.yaml
ablation_bimc	CIFAR100	15	experiments/bmvc_1256_20260508-124032/CIFAR100/bimc/seed15_20260508-230008/results.json	train_cfg=bimc.yaml
ablation_bimc_ensemble	CIFAR100	15	experiments/bmvc_1256_20260508-124032/CIFAR100/bimc_ensemble/seed15_20260508-230218/results.json	train_cfg=bimc_ensemble.yaml
ablation_dino_fusion	CIFAR100	15	experiments/bmvc_1256_20260508-124032/CIFAR100/bimc_dino_fusion_ensemble/seed15_20260508-230428/results.json	train_cfg=bimc_dino_fusion.yaml
ablation_bimc	miniimagenet	15	experiments/bmvc_1256_20260508-124032/miniimagenet/bimc/seed15_20260508-231221/results.json	train_cfg=bimc.yaml
ablation_bimc_ensemble	miniimagenet	15	experiments/bmvc_1256_20260508-124032/miniimagenet/bimc_ensemble/seed15_20260508-231433/results.json	train_cfg=bimc_ensemble.yaml
ablation_dino_fusion	miniimagenet	15	experiments/bmvc_1256_20260508-124032/miniimagenet/bimc_dino_fusion_ensemble/seed15_20260508-231644/results.json	train_cfg=bimc_dino_fusion.yaml
ablation_bimc	cub200	15	experiments/bmvc_1256_20260508-124032/cub200/bimc/seed15_20260508-232438/results.json	train_cfg=bimc.yaml
ablation_bimc_ensemble	cub200	15	experiments/bmvc_1256_20260508-124032/cub200/bimc_ensemble/seed15_20260508-232558/results.json	train_cfg=bimc_ensemble.yaml
ablation_dino_fusion	cub200	15	experiments/bmvc_1256_20260508-124032/cub200/bimc_dino_fusion_ensemble/seed15_20260508-232718/results.json	train_cfg=bimc_dino_fusion.yaml
ablation_bimc	CIFAR100	16	experiments/bmvc_1256_20260508-124032/CIFAR100/bimc/seed16_20260508-233135/results.json	train_cfg=bimc.yaml
ablation_bimc_ensemble	CIFAR100	16	experiments/bmvc_1256_20260508-124032/CIFAR100/bimc_ensemble/seed16_20260508-233345/results.json	train_cfg=bimc_ensemble.yaml
ablation_dino_fusion	CIFAR100	16	experiments/bmvc_1256_20260508-124032/CIFAR100/bimc_dino_fusion_ensemble/seed16_20260508-233556/results.json	train_cfg=bimc_dino_fusion.yaml
ablation_bimc	miniimagenet	16	experiments/bmvc_1256_20260508-124032/miniimagenet/bimc/seed16_20260508-234348/results.json	train_cfg=bimc.yaml
ablation_bimc_ensemble	miniimagenet	16	experiments/bmvc_1256_20260508-124032/miniimagenet/bimc_ensemble/seed16_20260508-234600/results.json	train_cfg=bimc_ensemble.yaml
ablation_dino_fusion	miniimagenet	16	experiments/bmvc_1256_20260508-124032/miniimagenet/bimc_dino_fusion_ensemble/seed16_20260508-234811/results.json	train_cfg=bimc_dino_fusion.yaml
ablation_bimc	cub200	16	experiments/bmvc_1256_20260508-124032/cub200/bimc/seed16_20260508-235605/results.json	train_cfg=bimc.yaml
ablation_bimc_ensemble	cub200	16	experiments/bmvc_1256_20260508-124032/cub200/bimc_ensemble/seed16_20260508-235725/results.json	train_cfg=bimc_ensemble.yaml
ablation_dino_fusion	cub200	16	experiments/bmvc_1256_20260508-124032/cub200/bimc_dino_fusion_ensemble/seed16_20260508-235845/results.json	train_cfg=bimc_dino_fusion.yaml
ablation_bimc	CIFAR100	17	experiments/bmvc_1256_20260508-124032/CIFAR100/bimc/seed17_20260509-000302/results.json	train_cfg=bimc.yaml
ablation_bimc_ensemble	CIFAR100	17	experiments/bmvc_1256_20260508-124032/CIFAR100/bimc_ensemble/seed17_20260509-000512/results.json	train_cfg=bimc_ensemble.yaml
ablation_dino_fusion	CIFAR100	17	experiments/bmvc_1256_20260508-124032/CIFAR100/bimc_dino_fusion_ensemble/seed17_20260509-000722/results.json	train_cfg=bimc_dino_fusion.yaml
ablation_bimc	miniimagenet	17	experiments/bmvc_1256_20260508-124032/miniimagenet/bimc/seed17_20260509-001515/results.json	train_cfg=bimc.yaml
ablation_bimc_ensemble	miniimagenet	17	experiments/bmvc_1256_20260508-124032/miniimagenet/bimc_ensemble/seed17_20260509-001727/results.json	train_cfg=bimc_ensemble.yaml
ablation_dino_fusion	miniimagenet	17	experiments/bmvc_1256_20260508-124032/miniimagenet/bimc_dino_fusion_ensemble/seed17_20260509-001938/results.json	train_cfg=bimc_dino_fusion.yaml
ablation_bimc	cub200	17	experiments/bmvc_1256_20260508-124032/cub200/bimc/seed17_20260509-002732/results.json	train_cfg=bimc.yaml
ablation_bimc_ensemble	cub200	17	experiments/bmvc_1256_20260508-124032/cub200/bimc_ensemble/seed17_20260509-002852/results.json	train_cfg=bimc_ensemble.yaml
ablation_dino_fusion	cub200	17	experiments/bmvc_1256_20260508-124032/cub200/bimc_dino_fusion_ensemble/seed17_20260509-003012/results.json	train_cfg=bimc_dino_fusion.yaml
ablation_bimc	CIFAR100	18	experiments/bmvc_1256_20260508-124032/CIFAR100/bimc/seed18_20260509-003429/results.json	train_cfg=bimc.yaml
ablation_bimc_ensemble	CIFAR100	18	experiments/bmvc_1256_20260508-124032/CIFAR100/bimc_ensemble/seed18_20260509-003639/results.json	train_cfg=bimc_ensemble.yaml
ablation_dino_fusion	CIFAR100	18	experiments/bmvc_1256_20260508-124032/CIFAR100/bimc_dino_fusion_ensemble/seed18_20260509-003849/results.json	train_cfg=bimc_dino_fusion.yaml
ablation_bimc	miniimagenet	18	experiments/bmvc_1256_20260508-124032/miniimagenet/bimc/seed18_20260509-004642/results.json	train_cfg=bimc.yaml
ablation_bimc_ensemble	miniimagenet	18	experiments/bmvc_1256_20260508-124032/miniimagenet/bimc_ensemble/seed18_20260509-004853/results.json	train_cfg=bimc_ensemble.yaml
ablation_dino_fusion	miniimagenet	18	experiments/bmvc_1256_20260508-124032/miniimagenet/bimc_dino_fusion_ensemble/seed18_20260509-005105/results.json	train_cfg=bimc_dino_fusion.yaml
ablation_bimc	cub200	18	experiments/bmvc_1256_20260508-124032/cub200/bimc/seed18_20260509-005900/results.json	train_cfg=bimc.yaml
ablation_bimc_ensemble	cub200	18	experiments/bmvc_1256_20260508-124032/cub200/bimc_ensemble/seed18_20260509-010019/results.json	train_cfg=bimc_ensemble.yaml
ablation_dino_fusion	cub200	18	experiments/bmvc_1256_20260508-124032/cub200/bimc_dino_fusion_ensemble/seed18_20260509-010139/results.json	train_cfg=bimc_dino_fusion.yaml
ablation_bimc	CIFAR100	19	experiments/bmvc_1256_20260508-124032/CIFAR100/bimc/seed19_20260509-010556/results.json	train_cfg=bimc.yaml
ablation_bimc_ensemble	CIFAR100	19	experiments/bmvc_1256_20260508-124032/CIFAR100/bimc_ensemble/seed19_20260509-010806/results.json	train_cfg=bimc_ensemble.yaml
ablation_dino_fusion	CIFAR100	19	experiments/bmvc_1256_20260508-124032/CIFAR100/bimc_dino_fusion_ensemble/seed19_20260509-011017/results.json	train_cfg=bimc_dino_fusion.yaml
ablation_bimc	miniimagenet	19	experiments/bmvc_1256_20260508-124032/miniimagenet/bimc/seed19_20260509-011810/results.json	train_cfg=bimc.yaml
ablation_bimc_ensemble	miniimagenet	19	experiments/bmvc_1256_20260508-124032/miniimagenet/bimc_ensemble/seed19_20260509-012021/results.json	train_cfg=bimc_ensemble.yaml
ablation_dino_fusion	miniimagenet	19	experiments/bmvc_1256_20260508-124032/miniimagenet/bimc_dino_fusion_ensemble/seed19_20260509-012233/results.json	train_cfg=bimc_dino_fusion.yaml
ablation_bimc	cub200	19	experiments/bmvc_1256_20260508-124032/cub200/bimc/seed19_20260509-013028/results.json	train_cfg=bimc.yaml
ablation_bimc_ensemble	cub200	19	experiments/bmvc_1256_20260508-124032/cub200/bimc_ensemble/seed19_20260509-013147/results.json	train_cfg=bimc_ensemble.yaml
ablation_dino_fusion	cub200	19	experiments/bmvc_1256_20260508-124032/cub200/bimc_dino_fusion_ensemble/seed19_20260509-013308/results.json	train_cfg=bimc_dino_fusion.yaml
ablation_bimc	CIFAR100	20	experiments/bmvc_1256_20260508-124032/CIFAR100/bimc/seed20_20260509-013724/results.json	train_cfg=bimc.yaml
ablation_bimc_ensemble	CIFAR100	20	experiments/bmvc_1256_20260508-124032/CIFAR100/bimc_ensemble/seed20_20260509-013934/results.json	train_cfg=bimc_ensemble.yaml
ablation_dino_fusion	CIFAR100	20	experiments/bmvc_1256_20260508-124032/CIFAR100/bimc_dino_fusion_ensemble/seed20_20260509-014145/results.json	train_cfg=bimc_dino_fusion.yaml
ablation_bimc	miniimagenet	20	experiments/bmvc_1256_20260508-124032/miniimagenet/bimc/seed20_20260509-014938/results.json	train_cfg=bimc.yaml
ablation_bimc_ensemble	miniimagenet	20	experiments/bmvc_1256_20260508-124032/miniimagenet/bimc_ensemble/seed20_20260509-015150/results.json	train_cfg=bimc_ensemble.yaml
ablation_dino_fusion	miniimagenet	20	experiments/bmvc_1256_20260508-124032/miniimagenet/bimc_dino_fusion_ensemble/seed20_20260509-015401/results.json	train_cfg=bimc_dino_fusion.yaml
ablation_bimc	cub200	20	experiments/bmvc_1256_20260508-124032/cub200/bimc/seed20_20260509-020156/results.json	train_cfg=bimc.yaml
ablation_bimc_ensemble	cub200	20	experiments/bmvc_1256_20260508-124032/cub200/bimc_ensemble/seed20_20260509-020315/results.json	train_cfg=bimc_ensemble.yaml
ablation_dino_fusion	cub200	20	experiments/bmvc_1256_20260508-124032/cub200/bimc_dino_fusion_ensemble/seed20_20260509-020435/results.json	train_cfg=bimc_dino_fusion.yaml
fixed_alpha_050	CIFAR100	1	experiments/bmvc_1256_20260508-124032/CIFAR100/prototype_refinement_conservative_bimc_dino_fusion/seed1_20260509-020849/results.json	alpha=0.5
fixed_alpha_075	CIFAR100	1	experiments/bmvc_1256_20260508-124032/CIFAR100/prototype_refinement_conservative_bimc_dino_fusion/seed1_20260509-021147/results.json	alpha=0.75
fixed_alpha_100	CIFAR100	1	experiments/bmvc_1256_20260508-124032/CIFAR100/prototype_refinement_conservative_bimc_dino_fusion/seed1_20260509-021444/results.json	alpha=1.0
fixed_alpha_050	miniimagenet	1	experiments/bmvc_1256_20260508-124032/miniimagenet/prototype_refinement_conservative_bimc_dino_fusion/seed1_20260509-021742/results.json	alpha=0.5
fixed_alpha_075	miniimagenet	1	experiments/bmvc_1256_20260508-124032/miniimagenet/prototype_refinement_conservative_bimc_dino_fusion/seed1_20260509-022040/results.json	alpha=0.75
fixed_alpha_100	miniimagenet	1	experiments/bmvc_1256_20260508-124032/miniimagenet/prototype_refinement_conservative_bimc_dino_fusion/seed1_20260509-022338/results.json	alpha=1.0
fixed_alpha_050	cub200	1	experiments/bmvc_1256_20260508-124032/cub200/prototype_refinement_conservative_bimc_dino_fusion/seed1_20260509-022635/results.json	alpha=0.5
fixed_alpha_075	cub200	1	experiments/bmvc_1256_20260508-124032/cub200/prototype_refinement_conservative_bimc_dino_fusion/seed1_20260509-022727/results.json	alpha=0.75
fixed_alpha_100	cub200	1	experiments/bmvc_1256_20260508-124032/cub200/prototype_refinement_conservative_bimc_dino_fusion/seed1_20260509-022818/results.json	alpha=1.0
fixed_alpha_050	CIFAR100	2	experiments/bmvc_1256_20260508-124032/CIFAR100/prototype_refinement_conservative_bimc_dino_fusion/seed2_20260509-022909/results.json	alpha=0.5
fixed_alpha_075	CIFAR100	2	experiments/bmvc_1256_20260508-124032/CIFAR100/prototype_refinement_conservative_bimc_dino_fusion/seed2_20260509-023207/results.json	alpha=0.75
fixed_alpha_100	CIFAR100	2	experiments/bmvc_1256_20260508-124032/CIFAR100/prototype_refinement_conservative_bimc_dino_fusion/seed2_20260509-023504/results.json	alpha=1.0
fixed_alpha_050	miniimagenet	2	experiments/bmvc_1256_20260508-124032/miniimagenet/prototype_refinement_conservative_bimc_dino_fusion/seed2_20260509-023802/results.json	alpha=0.5
fixed_alpha_075	miniimagenet	2	experiments/bmvc_1256_20260508-124032/miniimagenet/prototype_refinement_conservative_bimc_dino_fusion/seed2_20260509-024059/results.json	alpha=0.75
fixed_alpha_100	miniimagenet	2	experiments/bmvc_1256_20260508-124032/miniimagenet/prototype_refinement_conservative_bimc_dino_fusion/seed2_20260509-024356/results.json	alpha=1.0
fixed_alpha_050	cub200	2	experiments/bmvc_1256_20260508-124032/cub200/prototype_refinement_conservative_bimc_dino_fusion/seed2_20260509-024653/results.json	alpha=0.5
fixed_alpha_075	cub200	2	experiments/bmvc_1256_20260508-124032/cub200/prototype_refinement_conservative_bimc_dino_fusion/seed2_20260509-024745/results.json	alpha=0.75
fixed_alpha_100	cub200	2	experiments/bmvc_1256_20260508-124032/cub200/prototype_refinement_conservative_bimc_dino_fusion/seed2_20260509-024836/results.json	alpha=1.0
fixed_alpha_050	CIFAR100	3	experiments/bmvc_1256_20260508-124032/CIFAR100/prototype_refinement_conservative_bimc_dino_fusion/seed3_20260509-024927/results.json	alpha=0.5
fixed_alpha_075	CIFAR100	3	experiments/bmvc_1256_20260508-124032/CIFAR100/prototype_refinement_conservative_bimc_dino_fusion/seed3_20260509-025225/results.json	alpha=0.75
fixed_alpha_100	CIFAR100	3	experiments/bmvc_1256_20260508-124032/CIFAR100/prototype_refinement_conservative_bimc_dino_fusion/seed3_20260509-025522/results.json	alpha=1.0
fixed_alpha_050	miniimagenet	3	experiments/bmvc_1256_20260508-124032/miniimagenet/prototype_refinement_conservative_bimc_dino_fusion/seed3_20260509-025820/results.json	alpha=0.5
fixed_alpha_075	miniimagenet	3	experiments/bmvc_1256_20260508-124032/miniimagenet/prototype_refinement_conservative_bimc_dino_fusion/seed3_20260509-030117/results.json	alpha=0.75
fixed_alpha_100	miniimagenet	3	experiments/bmvc_1256_20260508-124032/miniimagenet/prototype_refinement_conservative_bimc_dino_fusion/seed3_20260509-030414/results.json	alpha=1.0
fixed_alpha_050	cub200	3	experiments/bmvc_1256_20260508-124032/cub200/prototype_refinement_conservative_bimc_dino_fusion/seed3_20260509-030711/results.json	alpha=0.5
fixed_alpha_075	cub200	3	experiments/bmvc_1256_20260508-124032/cub200/prototype_refinement_conservative_bimc_dino_fusion/seed3_20260509-030802/results.json	alpha=0.75
fixed_alpha_100	cub200	3	experiments/bmvc_1256_20260508-124032/cub200/prototype_refinement_conservative_bimc_dino_fusion/seed3_20260509-030853/results.json	alpha=1.0
fixed_alpha_050	CIFAR100	4	experiments/bmvc_1256_20260508-124032/CIFAR100/prototype_refinement_conservative_bimc_dino_fusion/seed4_20260509-030945/results.json	alpha=0.5
fixed_alpha_075	CIFAR100	4	experiments/bmvc_1256_20260508-124032/CIFAR100/prototype_refinement_conservative_bimc_dino_fusion/seed4_20260509-031242/results.json	alpha=0.75
fixed_alpha_100	CIFAR100	4	experiments/bmvc_1256_20260508-124032/CIFAR100/prototype_refinement_conservative_bimc_dino_fusion/seed4_20260509-031539/results.json	alpha=1.0
fixed_alpha_050	miniimagenet	4	experiments/bmvc_1256_20260508-124032/miniimagenet/prototype_refinement_conservative_bimc_dino_fusion/seed4_20260509-031836/results.json	alpha=0.5
fixed_alpha_075	miniimagenet	4	experiments/bmvc_1256_20260508-124032/miniimagenet/prototype_refinement_conservative_bimc_dino_fusion/seed4_20260509-032134/results.json	alpha=0.75
fixed_alpha_100	miniimagenet	4	experiments/bmvc_1256_20260508-124032/miniimagenet/prototype_refinement_conservative_bimc_dino_fusion/seed4_20260509-032430/results.json	alpha=1.0
fixed_alpha_050	cub200	4	experiments/bmvc_1256_20260508-124032/cub200/prototype_refinement_conservative_bimc_dino_fusion/seed4_20260509-032727/results.json	alpha=0.5
fixed_alpha_075	cub200	4	experiments/bmvc_1256_20260508-124032/cub200/prototype_refinement_conservative_bimc_dino_fusion/seed4_20260509-032819/results.json	alpha=0.75
fixed_alpha_100	cub200	4	experiments/bmvc_1256_20260508-124032/cub200/prototype_refinement_conservative_bimc_dino_fusion/seed4_20260509-032910/results.json	alpha=1.0
fixed_alpha_050	CIFAR100	5	experiments/bmvc_1256_20260508-124032/CIFAR100/prototype_refinement_conservative_bimc_dino_fusion/seed5_20260509-033001/results.json	alpha=0.5
fixed_alpha_075	CIFAR100	5	experiments/bmvc_1256_20260508-124032/CIFAR100/prototype_refinement_conservative_bimc_dino_fusion/seed5_20260509-033258/results.json	alpha=0.75
fixed_alpha_100	CIFAR100	5	experiments/bmvc_1256_20260508-124032/CIFAR100/prototype_refinement_conservative_bimc_dino_fusion/seed5_20260509-033555/results.json	alpha=1.0
fixed_alpha_050	miniimagenet	5	experiments/bmvc_1256_20260508-124032/miniimagenet/prototype_refinement_conservative_bimc_dino_fusion/seed5_20260509-033853/results.json	alpha=0.5
fixed_alpha_075	miniimagenet	5	experiments/bmvc_1256_20260508-124032/miniimagenet/prototype_refinement_conservative_bimc_dino_fusion/seed5_20260509-034150/results.json	alpha=0.75
fixed_alpha_100	miniimagenet	5	experiments/bmvc_1256_20260508-124032/miniimagenet/prototype_refinement_conservative_bimc_dino_fusion/seed5_20260509-034447/results.json	alpha=1.0
fixed_alpha_050	cub200	5	experiments/bmvc_1256_20260508-124032/cub200/prototype_refinement_conservative_bimc_dino_fusion/seed5_20260509-034744/results.json	alpha=0.5
fixed_alpha_075	cub200	5	experiments/bmvc_1256_20260508-124032/cub200/prototype_refinement_conservative_bimc_dino_fusion/seed5_20260509-034835/results.json	alpha=0.75
fixed_alpha_100	cub200	5	experiments/bmvc_1256_20260508-124032/cub200/prototype_refinement_conservative_bimc_dino_fusion/seed5_20260509-034927/results.json	alpha=1.0
fixed_alpha_050	CIFAR100	6	experiments/bmvc_1256_20260508-124032/CIFAR100/prototype_refinement_conservative_bimc_dino_fusion/seed6_20260509-035018/results.json	alpha=0.5
fixed_alpha_075	CIFAR100	6	experiments/bmvc_1256_20260508-124032/CIFAR100/prototype_refinement_conservative_bimc_dino_fusion/seed6_20260509-035315/results.json	alpha=0.75
fixed_alpha_100	CIFAR100	6	experiments/bmvc_1256_20260508-124032/CIFAR100/prototype_refinement_conservative_bimc_dino_fusion/seed6_20260509-035612/results.json	alpha=1.0
fixed_alpha_050	miniimagenet	6	experiments/bmvc_1256_20260508-124032/miniimagenet/prototype_refinement_conservative_bimc_dino_fusion/seed6_20260509-035909/results.json	alpha=0.5
fixed_alpha_075	miniimagenet	6	experiments/bmvc_1256_20260508-124032/miniimagenet/prototype_refinement_conservative_bimc_dino_fusion/seed6_20260509-040206/results.json	alpha=0.75
fixed_alpha_100	miniimagenet	6	experiments/bmvc_1256_20260508-124032/miniimagenet/prototype_refinement_conservative_bimc_dino_fusion/seed6_20260509-040503/results.json	alpha=1.0
fixed_alpha_050	cub200	6	experiments/bmvc_1256_20260508-124032/cub200/prototype_refinement_conservative_bimc_dino_fusion/seed6_20260509-040800/results.json	alpha=0.5
fixed_alpha_075	cub200	6	experiments/bmvc_1256_20260508-124032/cub200/prototype_refinement_conservative_bimc_dino_fusion/seed6_20260509-040851/results.json	alpha=0.75
fixed_alpha_100	cub200	6	experiments/bmvc_1256_20260508-124032/cub200/prototype_refinement_conservative_bimc_dino_fusion/seed6_20260509-040943/results.json	alpha=1.0
fixed_alpha_050	CIFAR100	7	experiments/bmvc_1256_20260508-124032/CIFAR100/prototype_refinement_conservative_bimc_dino_fusion/seed7_20260509-041034/results.json	alpha=0.5
fixed_alpha_075	CIFAR100	7	experiments/bmvc_1256_20260508-124032/CIFAR100/prototype_refinement_conservative_bimc_dino_fusion/seed7_20260509-041331/results.json	alpha=0.75
fixed_alpha_100	CIFAR100	7	experiments/bmvc_1256_20260508-124032/CIFAR100/prototype_refinement_conservative_bimc_dino_fusion/seed7_20260509-041628/results.json	alpha=1.0
fixed_alpha_050	miniimagenet	7	experiments/bmvc_1256_20260508-124032/miniimagenet/prototype_refinement_conservative_bimc_dino_fusion/seed7_20260509-041926/results.json	alpha=0.5
fixed_alpha_075	miniimagenet	7	experiments/bmvc_1256_20260508-124032/miniimagenet/prototype_refinement_conservative_bimc_dino_fusion/seed7_20260509-042223/results.json	alpha=0.75
fixed_alpha_100	miniimagenet	7	experiments/bmvc_1256_20260508-124032/miniimagenet/prototype_refinement_conservative_bimc_dino_fusion/seed7_20260509-042519/results.json	alpha=1.0
fixed_alpha_050	cub200	7	experiments/bmvc_1256_20260508-124032/cub200/prototype_refinement_conservative_bimc_dino_fusion/seed7_20260509-042817/results.json	alpha=0.5
fixed_alpha_075	cub200	7	experiments/bmvc_1256_20260508-124032/cub200/prototype_refinement_conservative_bimc_dino_fusion/seed7_20260509-042908/results.json	alpha=0.75
fixed_alpha_100	cub200	7	experiments/bmvc_1256_20260508-124032/cub200/prototype_refinement_conservative_bimc_dino_fusion/seed7_20260509-042959/results.json	alpha=1.0
fixed_alpha_050	CIFAR100	8	experiments/bmvc_1256_20260508-124032/CIFAR100/prototype_refinement_conservative_bimc_dino_fusion/seed8_20260509-043050/results.json	alpha=0.5
fixed_alpha_075	CIFAR100	8	experiments/bmvc_1256_20260508-124032/CIFAR100/prototype_refinement_conservative_bimc_dino_fusion/seed8_20260509-043348/results.json	alpha=0.75
fixed_alpha_100	CIFAR100	8	experiments/bmvc_1256_20260508-124032/CIFAR100/prototype_refinement_conservative_bimc_dino_fusion/seed8_20260509-043645/results.json	alpha=1.0
fixed_alpha_050	miniimagenet	8	experiments/bmvc_1256_20260508-124032/miniimagenet/prototype_refinement_conservative_bimc_dino_fusion/seed8_20260509-043942/results.json	alpha=0.5
fixed_alpha_075	miniimagenet	8	experiments/bmvc_1256_20260508-124032/miniimagenet/prototype_refinement_conservative_bimc_dino_fusion/seed8_20260509-044239/results.json	alpha=0.75
fixed_alpha_100	miniimagenet	8	experiments/bmvc_1256_20260508-124032/miniimagenet/prototype_refinement_conservative_bimc_dino_fusion/seed8_20260509-044535/results.json	alpha=1.0
fixed_alpha_050	cub200	8	experiments/bmvc_1256_20260508-124032/cub200/prototype_refinement_conservative_bimc_dino_fusion/seed8_20260509-044832/results.json	alpha=0.5
fixed_alpha_075	cub200	8	experiments/bmvc_1256_20260508-124032/cub200/prototype_refinement_conservative_bimc_dino_fusion/seed8_20260509-044924/results.json	alpha=0.75
fixed_alpha_100	cub200	8	experiments/bmvc_1256_20260508-124032/cub200/prototype_refinement_conservative_bimc_dino_fusion/seed8_20260509-045015/results.json	alpha=1.0
fixed_alpha_050	CIFAR100	9	experiments/bmvc_1256_20260508-124032/CIFAR100/prototype_refinement_conservative_bimc_dino_fusion/seed9_20260509-045106/results.json	alpha=0.5
fixed_alpha_075	CIFAR100	9	experiments/bmvc_1256_20260508-124032/CIFAR100/prototype_refinement_conservative_bimc_dino_fusion/seed9_20260509-045403/results.json	alpha=0.75
fixed_alpha_100	CIFAR100	9	experiments/bmvc_1256_20260508-124032/CIFAR100/prototype_refinement_conservative_bimc_dino_fusion/seed9_20260509-045700/results.json	alpha=1.0
fixed_alpha_050	miniimagenet	9	experiments/bmvc_1256_20260508-124032/miniimagenet/prototype_refinement_conservative_bimc_dino_fusion/seed9_20260509-045957/results.json	alpha=0.5
fixed_alpha_075	miniimagenet	9	experiments/bmvc_1256_20260508-124032/miniimagenet/prototype_refinement_conservative_bimc_dino_fusion/seed9_20260509-050254/results.json	alpha=0.75
fixed_alpha_100	miniimagenet	9	experiments/bmvc_1256_20260508-124032/miniimagenet/prototype_refinement_conservative_bimc_dino_fusion/seed9_20260509-050551/results.json	alpha=1.0
fixed_alpha_050	cub200	9	experiments/bmvc_1256_20260508-124032/cub200/prototype_refinement_conservative_bimc_dino_fusion/seed9_20260509-050848/results.json	alpha=0.5
fixed_alpha_075	cub200	9	experiments/bmvc_1256_20260508-124032/cub200/prototype_refinement_conservative_bimc_dino_fusion/seed9_20260509-050940/results.json	alpha=0.75
fixed_alpha_100	cub200	9	experiments/bmvc_1256_20260508-124032/cub200/prototype_refinement_conservative_bimc_dino_fusion/seed9_20260509-051031/results.json	alpha=1.0
fixed_alpha_050	CIFAR100	10	experiments/bmvc_1256_20260508-124032/CIFAR100/prototype_refinement_conservative_bimc_dino_fusion/seed10_20260509-051122/results.json	alpha=0.5
fixed_alpha_075	CIFAR100	10	experiments/bmvc_1256_20260508-124032/CIFAR100/prototype_refinement_conservative_bimc_dino_fusion/seed10_20260509-051419/results.json	alpha=0.75
fixed_alpha_100	CIFAR100	10	experiments/bmvc_1256_20260508-124032/CIFAR100/prototype_refinement_conservative_bimc_dino_fusion/seed10_20260509-051717/results.json	alpha=1.0
fixed_alpha_050	miniimagenet	10	experiments/bmvc_1256_20260508-124032/miniimagenet/prototype_refinement_conservative_bimc_dino_fusion/seed10_20260509-052014/results.json	alpha=0.5
fixed_alpha_075	miniimagenet	10	experiments/bmvc_1256_20260508-124032/miniimagenet/prototype_refinement_conservative_bimc_dino_fusion/seed10_20260509-052311/results.json	alpha=0.75
fixed_alpha_100	miniimagenet	10	experiments/bmvc_1256_20260508-124032/miniimagenet/prototype_refinement_conservative_bimc_dino_fusion/seed10_20260509-052607/results.json	alpha=1.0
fixed_alpha_050	cub200	10	experiments/bmvc_1256_20260508-124032/cub200/prototype_refinement_conservative_bimc_dino_fusion/seed10_20260509-052904/results.json	alpha=0.5
fixed_alpha_075	cub200	10	experiments/bmvc_1256_20260508-124032/cub200/prototype_refinement_conservative_bimc_dino_fusion/seed10_20260509-052956/results.json	alpha=0.75
fixed_alpha_100	cub200	10	experiments/bmvc_1256_20260508-124032/cub200/prototype_refinement_conservative_bimc_dino_fusion/seed10_20260509-053047/results.json	alpha=1.0
fixed_alpha_050	CIFAR100	11	experiments/bmvc_1256_20260508-124032/CIFAR100/prototype_refinement_conservative_bimc_dino_fusion/seed11_20260509-053138/results.json	alpha=0.5
fixed_alpha_075	CIFAR100	11	experiments/bmvc_1256_20260508-124032/CIFAR100/prototype_refinement_conservative_bimc_dino_fusion/seed11_20260509-053435/results.json	alpha=0.75
fixed_alpha_100	CIFAR100	11	experiments/bmvc_1256_20260508-124032/CIFAR100/prototype_refinement_conservative_bimc_dino_fusion/seed11_20260509-053732/results.json	alpha=1.0
fixed_alpha_050	miniimagenet	11	experiments/bmvc_1256_20260508-124032/miniimagenet/prototype_refinement_conservative_bimc_dino_fusion/seed11_20260509-054029/results.json	alpha=0.5
fixed_alpha_075	miniimagenet	11	experiments/bmvc_1256_20260508-124032/miniimagenet/prototype_refinement_conservative_bimc_dino_fusion/seed11_20260509-054326/results.json	alpha=0.75
fixed_alpha_100	miniimagenet	11	experiments/bmvc_1256_20260508-124032/miniimagenet/prototype_refinement_conservative_bimc_dino_fusion/seed11_20260509-054623/results.json	alpha=1.0
fixed_alpha_050	cub200	11	experiments/bmvc_1256_20260508-124032/cub200/prototype_refinement_conservative_bimc_dino_fusion/seed11_20260509-054920/results.json	alpha=0.5
fixed_alpha_075	cub200	11	experiments/bmvc_1256_20260508-124032/cub200/prototype_refinement_conservative_bimc_dino_fusion/seed11_20260509-055011/results.json	alpha=0.75
fixed_alpha_100	cub200	11	experiments/bmvc_1256_20260508-124032/cub200/prototype_refinement_conservative_bimc_dino_fusion/seed11_20260509-055102/results.json	alpha=1.0
fixed_alpha_050	CIFAR100	12	experiments/bmvc_1256_20260508-124032/CIFAR100/prototype_refinement_conservative_bimc_dino_fusion/seed12_20260509-055153/results.json	alpha=0.5
fixed_alpha_075	CIFAR100	12	experiments/bmvc_1256_20260508-124032/CIFAR100/prototype_refinement_conservative_bimc_dino_fusion/seed12_20260509-055450/results.json	alpha=0.75
fixed_alpha_100	CIFAR100	12	experiments/bmvc_1256_20260508-124032/CIFAR100/prototype_refinement_conservative_bimc_dino_fusion/seed12_20260509-055747/results.json	alpha=1.0
fixed_alpha_050	miniimagenet	12	experiments/bmvc_1256_20260508-124032/miniimagenet/prototype_refinement_conservative_bimc_dino_fusion/seed12_20260509-060044/results.json	alpha=0.5
fixed_alpha_075	miniimagenet	12	experiments/bmvc_1256_20260508-124032/miniimagenet/prototype_refinement_conservative_bimc_dino_fusion/seed12_20260509-060341/results.json	alpha=0.75
fixed_alpha_100	miniimagenet	12	experiments/bmvc_1256_20260508-124032/miniimagenet/prototype_refinement_conservative_bimc_dino_fusion/seed12_20260509-060638/results.json	alpha=1.0
fixed_alpha_050	cub200	12	experiments/bmvc_1256_20260508-124032/cub200/prototype_refinement_conservative_bimc_dino_fusion/seed12_20260509-060935/results.json	alpha=0.5
fixed_alpha_075	cub200	12	experiments/bmvc_1256_20260508-124032/cub200/prototype_refinement_conservative_bimc_dino_fusion/seed12_20260509-061026/results.json	alpha=0.75
fixed_alpha_100	cub200	12	experiments/bmvc_1256_20260508-124032/cub200/prototype_refinement_conservative_bimc_dino_fusion/seed12_20260509-061117/results.json	alpha=1.0
fixed_alpha_050	CIFAR100	13	experiments/bmvc_1256_20260508-124032/CIFAR100/prototype_refinement_conservative_bimc_dino_fusion/seed13_20260509-061208/results.json	alpha=0.5
fixed_alpha_075	CIFAR100	13	experiments/bmvc_1256_20260508-124032/CIFAR100/prototype_refinement_conservative_bimc_dino_fusion/seed13_20260509-061505/results.json	alpha=0.75
fixed_alpha_100	CIFAR100	13	experiments/bmvc_1256_20260508-124032/CIFAR100/prototype_refinement_conservative_bimc_dino_fusion/seed13_20260509-061803/results.json	alpha=1.0
fixed_alpha_050	miniimagenet	13	experiments/bmvc_1256_20260508-124032/miniimagenet/prototype_refinement_conservative_bimc_dino_fusion/seed13_20260509-062059/results.json	alpha=0.5
fixed_alpha_075	miniimagenet	13	experiments/bmvc_1256_20260508-124032/miniimagenet/prototype_refinement_conservative_bimc_dino_fusion/seed13_20260509-062356/results.json	alpha=0.75
fixed_alpha_100	miniimagenet	13	experiments/bmvc_1256_20260508-124032/miniimagenet/prototype_refinement_conservative_bimc_dino_fusion/seed13_20260509-062653/results.json	alpha=1.0
fixed_alpha_050	cub200	13	experiments/bmvc_1256_20260508-124032/cub200/prototype_refinement_conservative_bimc_dino_fusion/seed13_20260509-062950/results.json	alpha=0.5
fixed_alpha_075	cub200	13	experiments/bmvc_1256_20260508-124032/cub200/prototype_refinement_conservative_bimc_dino_fusion/seed13_20260509-063041/results.json	alpha=0.75
fixed_alpha_100	cub200	13	experiments/bmvc_1256_20260508-124032/cub200/prototype_refinement_conservative_bimc_dino_fusion/seed13_20260509-063133/results.json	alpha=1.0
fixed_alpha_050	CIFAR100	14	experiments/bmvc_1256_20260508-124032/CIFAR100/prototype_refinement_conservative_bimc_dino_fusion/seed14_20260509-063224/results.json	alpha=0.5
fixed_alpha_075	CIFAR100	14	experiments/bmvc_1256_20260508-124032/CIFAR100/prototype_refinement_conservative_bimc_dino_fusion/seed14_20260509-063520/results.json	alpha=0.75
fixed_alpha_100	CIFAR100	14	experiments/bmvc_1256_20260508-124032/CIFAR100/prototype_refinement_conservative_bimc_dino_fusion/seed14_20260509-063817/results.json	alpha=1.0
fixed_alpha_050	miniimagenet	14	experiments/bmvc_1256_20260508-124032/miniimagenet/prototype_refinement_conservative_bimc_dino_fusion/seed14_20260509-064114/results.json	alpha=0.5
fixed_alpha_075	miniimagenet	14	experiments/bmvc_1256_20260508-124032/miniimagenet/prototype_refinement_conservative_bimc_dino_fusion/seed14_20260509-064411/results.json	alpha=0.75
fixed_alpha_100	miniimagenet	14	experiments/bmvc_1256_20260508-124032/miniimagenet/prototype_refinement_conservative_bimc_dino_fusion/seed14_20260509-064708/results.json	alpha=1.0
fixed_alpha_050	cub200	14	experiments/bmvc_1256_20260508-124032/cub200/prototype_refinement_conservative_bimc_dino_fusion/seed14_20260509-065005/results.json	alpha=0.5
fixed_alpha_075	cub200	14	experiments/bmvc_1256_20260508-124032/cub200/prototype_refinement_conservative_bimc_dino_fusion/seed14_20260509-065056/results.json	alpha=0.75
fixed_alpha_100	cub200	14	experiments/bmvc_1256_20260508-124032/cub200/prototype_refinement_conservative_bimc_dino_fusion/seed14_20260509-065147/results.json	alpha=1.0
fixed_alpha_050	CIFAR100	15	experiments/bmvc_1256_20260508-124032/CIFAR100/prototype_refinement_conservative_bimc_dino_fusion/seed15_20260509-065238/results.json	alpha=0.5
fixed_alpha_075	CIFAR100	15	experiments/bmvc_1256_20260508-124032/CIFAR100/prototype_refinement_conservative_bimc_dino_fusion/seed15_20260509-065535/results.json	alpha=0.75
fixed_alpha_100	CIFAR100	15	experiments/bmvc_1256_20260508-124032/CIFAR100/prototype_refinement_conservative_bimc_dino_fusion/seed15_20260509-065832/results.json	alpha=1.0
fixed_alpha_050	miniimagenet	15	experiments/bmvc_1256_20260508-124032/miniimagenet/prototype_refinement_conservative_bimc_dino_fusion/seed15_20260509-070129/results.json	alpha=0.5
fixed_alpha_075	miniimagenet	15	experiments/bmvc_1256_20260508-124032/miniimagenet/prototype_refinement_conservative_bimc_dino_fusion/seed15_20260509-070426/results.json	alpha=0.75
fixed_alpha_100	miniimagenet	15	experiments/bmvc_1256_20260508-124032/miniimagenet/prototype_refinement_conservative_bimc_dino_fusion/seed15_20260509-070722/results.json	alpha=1.0
fixed_alpha_050	cub200	15	experiments/bmvc_1256_20260508-124032/cub200/prototype_refinement_conservative_bimc_dino_fusion/seed15_20260509-071019/results.json	alpha=0.5
fixed_alpha_075	cub200	15	experiments/bmvc_1256_20260508-124032/cub200/prototype_refinement_conservative_bimc_dino_fusion/seed15_20260509-071110/results.json	alpha=0.75
fixed_alpha_100	cub200	15	experiments/bmvc_1256_20260508-124032/cub200/prototype_refinement_conservative_bimc_dino_fusion/seed15_20260509-071201/results.json	alpha=1.0
fixed_alpha_050	CIFAR100	16	experiments/bmvc_1256_20260508-124032/CIFAR100/prototype_refinement_conservative_bimc_dino_fusion/seed16_20260509-071252/results.json	alpha=0.5
fixed_alpha_075	CIFAR100	16	experiments/bmvc_1256_20260508-124032/CIFAR100/prototype_refinement_conservative_bimc_dino_fusion/seed16_20260509-071549/results.json	alpha=0.75
fixed_alpha_100	CIFAR100	16	experiments/bmvc_1256_20260508-124032/CIFAR100/prototype_refinement_conservative_bimc_dino_fusion/seed16_20260509-071846/results.json	alpha=1.0
fixed_alpha_050	miniimagenet	16	experiments/bmvc_1256_20260508-124032/miniimagenet/prototype_refinement_conservative_bimc_dino_fusion/seed16_20260509-072144/results.json	alpha=0.5
fixed_alpha_075	miniimagenet	16	experiments/bmvc_1256_20260508-124032/miniimagenet/prototype_refinement_conservative_bimc_dino_fusion/seed16_20260509-072440/results.json	alpha=0.75
fixed_alpha_100	miniimagenet	16	experiments/bmvc_1256_20260508-124032/miniimagenet/prototype_refinement_conservative_bimc_dino_fusion/seed16_20260509-072737/results.json	alpha=1.0
fixed_alpha_050	cub200	16	experiments/bmvc_1256_20260508-124032/cub200/prototype_refinement_conservative_bimc_dino_fusion/seed16_20260509-073034/results.json	alpha=0.5
fixed_alpha_075	cub200	16	experiments/bmvc_1256_20260508-124032/cub200/prototype_refinement_conservative_bimc_dino_fusion/seed16_20260509-073125/results.json	alpha=0.75
fixed_alpha_100	cub200	16	experiments/bmvc_1256_20260508-124032/cub200/prototype_refinement_conservative_bimc_dino_fusion/seed16_20260509-073216/results.json	alpha=1.0
fixed_alpha_050	CIFAR100	17	experiments/bmvc_1256_20260508-124032/CIFAR100/prototype_refinement_conservative_bimc_dino_fusion/seed17_20260509-073308/results.json	alpha=0.5
fixed_alpha_075	CIFAR100	17	experiments/bmvc_1256_20260508-124032/CIFAR100/prototype_refinement_conservative_bimc_dino_fusion/seed17_20260509-073605/results.json	alpha=0.75
fixed_alpha_100	CIFAR100	17	experiments/bmvc_1256_20260508-124032/CIFAR100/prototype_refinement_conservative_bimc_dino_fusion/seed17_20260509-073902/results.json	alpha=1.0
fixed_alpha_050	miniimagenet	17	experiments/bmvc_1256_20260508-124032/miniimagenet/prototype_refinement_conservative_bimc_dino_fusion/seed17_20260509-074159/results.json	alpha=0.5
fixed_alpha_075	miniimagenet	17	experiments/bmvc_1256_20260508-124032/miniimagenet/prototype_refinement_conservative_bimc_dino_fusion/seed17_20260509-074455/results.json	alpha=0.75
fixed_alpha_100	miniimagenet	17	experiments/bmvc_1256_20260508-124032/miniimagenet/prototype_refinement_conservative_bimc_dino_fusion/seed17_20260509-074752/results.json	alpha=1.0
fixed_alpha_050	cub200	17	experiments/bmvc_1256_20260508-124032/cub200/prototype_refinement_conservative_bimc_dino_fusion/seed17_20260509-075048/results.json	alpha=0.5
fixed_alpha_075	cub200	17	experiments/bmvc_1256_20260508-124032/cub200/prototype_refinement_conservative_bimc_dino_fusion/seed17_20260509-075139/results.json	alpha=0.75
fixed_alpha_100	cub200	17	experiments/bmvc_1256_20260508-124032/cub200/prototype_refinement_conservative_bimc_dino_fusion/seed17_20260509-075231/results.json	alpha=1.0
fixed_alpha_050	CIFAR100	18	experiments/bmvc_1256_20260508-124032/CIFAR100/prototype_refinement_conservative_bimc_dino_fusion/seed18_20260509-075322/results.json	alpha=0.5
fixed_alpha_075	CIFAR100	18	experiments/bmvc_1256_20260508-124032/CIFAR100/prototype_refinement_conservative_bimc_dino_fusion/seed18_20260509-075619/results.json	alpha=0.75
fixed_alpha_100	CIFAR100	18	experiments/bmvc_1256_20260508-124032/CIFAR100/prototype_refinement_conservative_bimc_dino_fusion/seed18_20260509-075915/results.json	alpha=1.0
fixed_alpha_050	miniimagenet	18	experiments/bmvc_1256_20260508-124032/miniimagenet/prototype_refinement_conservative_bimc_dino_fusion/seed18_20260509-080212/results.json	alpha=0.5
fixed_alpha_075	miniimagenet	18	experiments/bmvc_1256_20260508-124032/miniimagenet/prototype_refinement_conservative_bimc_dino_fusion/seed18_20260509-080509/results.json	alpha=0.75
fixed_alpha_100	miniimagenet	18	experiments/bmvc_1256_20260508-124032/miniimagenet/prototype_refinement_conservative_bimc_dino_fusion/seed18_20260509-080806/results.json	alpha=1.0
fixed_alpha_050	cub200	18	experiments/bmvc_1256_20260508-124032/cub200/prototype_refinement_conservative_bimc_dino_fusion/seed18_20260509-081103/results.json	alpha=0.5
fixed_alpha_075	cub200	18	experiments/bmvc_1256_20260508-124032/cub200/prototype_refinement_conservative_bimc_dino_fusion/seed18_20260509-081154/results.json	alpha=0.75
fixed_alpha_100	cub200	18	experiments/bmvc_1256_20260508-124032/cub200/prototype_refinement_conservative_bimc_dino_fusion/seed18_20260509-081245/results.json	alpha=1.0
fixed_alpha_050	CIFAR100	19	experiments/bmvc_1256_20260508-124032/CIFAR100/prototype_refinement_conservative_bimc_dino_fusion/seed19_20260509-081337/results.json	alpha=0.5
fixed_alpha_075	CIFAR100	19	experiments/bmvc_1256_20260508-124032/CIFAR100/prototype_refinement_conservative_bimc_dino_fusion/seed19_20260509-081634/results.json	alpha=0.75
fixed_alpha_100	CIFAR100	19	experiments/bmvc_1256_20260508-124032/CIFAR100/prototype_refinement_conservative_bimc_dino_fusion/seed19_20260509-081931/results.json	alpha=1.0
fixed_alpha_050	miniimagenet	19	experiments/bmvc_1256_20260508-124032/miniimagenet/prototype_refinement_conservative_bimc_dino_fusion/seed19_20260509-082228/results.json	alpha=0.5
fixed_alpha_075	miniimagenet	19	experiments/bmvc_1256_20260508-124032/miniimagenet/prototype_refinement_conservative_bimc_dino_fusion/seed19_20260509-082525/results.json	alpha=0.75
fixed_alpha_100	miniimagenet	19	experiments/bmvc_1256_20260508-124032/miniimagenet/prototype_refinement_conservative_bimc_dino_fusion/seed19_20260509-082821/results.json	alpha=1.0
fixed_alpha_050	cub200	19	experiments/bmvc_1256_20260508-124032/cub200/prototype_refinement_conservative_bimc_dino_fusion/seed19_20260509-083118/results.json	alpha=0.5
fixed_alpha_075	cub200	19	experiments/bmvc_1256_20260508-124032/cub200/prototype_refinement_conservative_bimc_dino_fusion/seed19_20260509-083210/results.json	alpha=0.75
fixed_alpha_100	cub200	19	experiments/bmvc_1256_20260508-124032/cub200/prototype_refinement_conservative_bimc_dino_fusion/seed19_20260509-083301/results.json	alpha=1.0
fixed_alpha_050	CIFAR100	20	experiments/bmvc_1256_20260508-124032/CIFAR100/prototype_refinement_conservative_bimc_dino_fusion/seed20_20260509-083352/results.json	alpha=0.5
fixed_alpha_075	CIFAR100	20	experiments/bmvc_1256_20260508-124032/CIFAR100/prototype_refinement_conservative_bimc_dino_fusion/seed20_20260509-083649/results.json	alpha=0.75
fixed_alpha_100	CIFAR100	20	experiments/bmvc_1256_20260508-124032/CIFAR100/prototype_refinement_conservative_bimc_dino_fusion/seed20_20260509-083946/results.json	alpha=1.0
fixed_alpha_050	miniimagenet	20	experiments/bmvc_1256_20260508-124032/miniimagenet/prototype_refinement_conservative_bimc_dino_fusion/seed20_20260509-084243/results.json	alpha=0.5
fixed_alpha_075	miniimagenet	20	experiments/bmvc_1256_20260508-124032/miniimagenet/prototype_refinement_conservative_bimc_dino_fusion/seed20_20260509-084539/results.json	alpha=0.75
fixed_alpha_100	miniimagenet	20	experiments/bmvc_1256_20260508-124032/miniimagenet/prototype_refinement_conservative_bimc_dino_fusion/seed20_20260509-084836/results.json	alpha=1.0
fixed_alpha_050	cub200	20	experiments/bmvc_1256_20260508-124032/cub200/prototype_refinement_conservative_bimc_dino_fusion/seed20_20260509-085132/results.json	alpha=0.5
fixed_alpha_075	cub200	20	experiments/bmvc_1256_20260508-124032/cub200/prototype_refinement_conservative_bimc_dino_fusion/seed20_20260509-085224/results.json	alpha=0.75
fixed_alpha_100	cub200	20	experiments/bmvc_1256_20260508-124032/cub200/prototype_refinement_conservative_bimc_dino_fusion/seed20_20260509-085315/results.json	alpha=1.0
pseudoval_20seed	CIFAR100	1	experiments/bmvc_1256_20260508-124032/CIFAR100/prototype_refinement_conservative_pseudoval_sessionwise_bimc_dino_fusion/seed1_20260509-085406/results.json	--alpha_grid 0.5 0.75 1.0 --mass_thr 0.3 --min_count 5 --val_fraction 0.2 --base_val_conf_thr 0.5 --base_val_max_per_class 50 --fallback_alpha 0.75
pseudoval_20seed	miniimagenet	1	experiments/bmvc_1256_20260508-124032/miniimagenet/prototype_refinement_conservative_pseudoval_sessionwise_bimc_dino_fusion/seed1_20260509-090126/results.json	--alpha_grid 0.5 0.75 1.0 --mass_thr 0.3 --min_count 5 --val_fraction 0.2 --base_val_conf_thr 0.5 --base_val_max_per_class 50 --fallback_alpha 0.75
pseudoval_20seed	cub200	1	experiments/bmvc_1256_20260508-124032/cub200/prototype_refinement_conservative_pseudoval_sessionwise_bimc_dino_fusion/seed1_20260509-090854/results.json	--alpha_grid 0.5 0.75 1.0 --mass_thr 0.3 --min_count 5 --val_fraction 0.2 --base_val_conf_thr 0.5 --base_val_max_per_class 50 --fallback_alpha 0.75
pseudoval_20seed	CIFAR100	2	experiments/bmvc_1256_20260508-124032/CIFAR100/prototype_refinement_conservative_pseudoval_sessionwise_bimc_dino_fusion/seed2_20260509-091304/results.json	--alpha_grid 0.5 0.75 1.0 --mass_thr 0.3 --min_count 5 --val_fraction 0.2 --base_val_conf_thr 0.5 --base_val_max_per_class 50 --fallback_alpha 0.75
pseudoval_20seed	miniimagenet	2	experiments/bmvc_1256_20260508-124032/miniimagenet/prototype_refinement_conservative_pseudoval_sessionwise_bimc_dino_fusion/seed2_20260509-092055/results.json	--alpha_grid 0.5 0.75 1.0 --mass_thr 0.3 --min_count 5 --val_fraction 0.2 --base_val_conf_thr 0.5 --base_val_max_per_class 50 --fallback_alpha 0.75
pseudoval_20seed	cub200	2	experiments/bmvc_1256_20260508-124032/cub200/prototype_refinement_conservative_pseudoval_sessionwise_bimc_dino_fusion/seed2_20260509-092848/results.json	--alpha_grid 0.5 0.75 1.0 --mass_thr 0.3 --min_count 5 --val_fraction 0.2 --base_val_conf_thr 0.5 --base_val_max_per_class 50 --fallback_alpha 0.75
pseudoval_20seed	CIFAR100	3	experiments/bmvc_1256_20260508-124032/CIFAR100/prototype_refinement_conservative_pseudoval_sessionwise_bimc_dino_fusion/seed3_20260509-093310/results.json	--alpha_grid 0.5 0.75 1.0 --mass_thr 0.3 --min_count 5 --val_fraction 0.2 --base_val_conf_thr 0.5 --base_val_max_per_class 50 --fallback_alpha 0.75
pseudoval_20seed	miniimagenet	3	experiments/bmvc_1256_20260508-124032/miniimagenet/prototype_refinement_conservative_pseudoval_sessionwise_bimc_dino_fusion/seed3_20260509-094117/results.json	--alpha_grid 0.5 0.75 1.0 --mass_thr 0.3 --min_count 5 --val_fraction 0.2 --base_val_conf_thr 0.5 --base_val_max_per_class 50 --fallback_alpha 0.75
pseudoval_20seed	cub200	3	experiments/bmvc_1256_20260508-124032/cub200/prototype_refinement_conservative_pseudoval_sessionwise_bimc_dino_fusion/seed3_20260509-094916/results.json	--alpha_grid 0.5 0.75 1.0 --mass_thr 0.3 --min_count 5 --val_fraction 0.2 --base_val_conf_thr 0.5 --base_val_max_per_class 50 --fallback_alpha 0.75
pseudoval_20seed	CIFAR100	4	experiments/bmvc_1256_20260508-124032/CIFAR100/prototype_refinement_conservative_pseudoval_sessionwise_bimc_dino_fusion/seed4_20260509-095341/results.json	--alpha_grid 0.5 0.75 1.0 --mass_thr 0.3 --min_count 5 --val_fraction 0.2 --base_val_conf_thr 0.5 --base_val_max_per_class 50 --fallback_alpha 0.75
pseudoval_20seed	miniimagenet	4	experiments/bmvc_1256_20260508-124032/miniimagenet/prototype_refinement_conservative_pseudoval_sessionwise_bimc_dino_fusion/seed4_20260509-100800/results.json	--alpha_grid 0.5 0.75 1.0 --mass_thr 0.3 --min_count 5 --val_fraction 0.2 --base_val_conf_thr 0.5 --base_val_max_per_class 50 --fallback_alpha 0.75
pseudoval_20seed	cub200	4	experiments/bmvc_1256_20260508-124032/cub200/prototype_refinement_conservative_pseudoval_sessionwise_bimc_dino_fusion/seed4_20260509-101811/results.json	--alpha_grid 0.5 0.75 1.0 --mass_thr 0.3 --min_count 5 --val_fraction 0.2 --base_val_conf_thr 0.5 --base_val_max_per_class 50 --fallback_alpha 0.75
pseudoval_20seed	CIFAR100	5	experiments/bmvc_1256_20260508-124032/CIFAR100/prototype_refinement_conservative_pseudoval_sessionwise_bimc_dino_fusion/seed5_20260509-102209/results.json	--alpha_grid 0.5 0.75 1.0 --mass_thr 0.3 --min_count 5 --val_fraction 0.2 --base_val_conf_thr 0.5 --base_val_max_per_class 50 --fallback_alpha 0.75
pseudoval_20seed	miniimagenet	5	experiments/bmvc_1256_20260508-124032/miniimagenet/prototype_refinement_conservative_pseudoval_sessionwise_bimc_dino_fusion/seed5_20260509-102929/results.json	--alpha_grid 0.5 0.75 1.0 --mass_thr 0.3 --min_count 5 --val_fraction 0.2 --base_val_conf_thr 0.5 --base_val_max_per_class 50 --fallback_alpha 0.75
pseudoval_20seed	cub200	5	experiments/bmvc_1256_20260508-124032/cub200/prototype_refinement_conservative_pseudoval_sessionwise_bimc_dino_fusion/seed5_20260509-103648/results.json	--alpha_grid 0.5 0.75 1.0 --mass_thr 0.3 --min_count 5 --val_fraction 0.2 --base_val_conf_thr 0.5 --base_val_max_per_class 50 --fallback_alpha 0.75
pseudoval_20seed	CIFAR100	6	experiments/bmvc_1256_20260508-124032/CIFAR100/prototype_refinement_conservative_pseudoval_sessionwise_bimc_dino_fusion/seed6_20260509-104045/results.json	--alpha_grid 0.5 0.75 1.0 --mass_thr 0.3 --min_count 5 --val_fraction 0.2 --base_val_conf_thr 0.5 --base_val_max_per_class 50 --fallback_alpha 0.75
pseudoval_20seed	miniimagenet	6	experiments/bmvc_1256_20260508-124032/miniimagenet/prototype_refinement_conservative_pseudoval_sessionwise_bimc_dino_fusion/seed6_20260509-104805/results.json	--alpha_grid 0.5 0.75 1.0 --mass_thr 0.3 --min_count 5 --val_fraction 0.2 --base_val_conf_thr 0.5 --base_val_max_per_class 50 --fallback_alpha 0.75
pseudoval_20seed	cub200	6	experiments/bmvc_1256_20260508-124032/cub200/prototype_refinement_conservative_pseudoval_sessionwise_bimc_dino_fusion/seed6_20260509-105525/results.json	--alpha_grid 0.5 0.75 1.0 --mass_thr 0.3 --min_count 5 --val_fraction 0.2 --base_val_conf_thr 0.5 --base_val_max_per_class 50 --fallback_alpha 0.75
pseudoval_20seed	CIFAR100	7	experiments/bmvc_1256_20260508-124032/CIFAR100/prototype_refinement_conservative_pseudoval_sessionwise_bimc_dino_fusion/seed7_20260509-105921/results.json	--alpha_grid 0.5 0.75 1.0 --mass_thr 0.3 --min_count 5 --val_fraction 0.2 --base_val_conf_thr 0.5 --base_val_max_per_class 50 --fallback_alpha 0.75
pseudoval_20seed	miniimagenet	7	experiments/bmvc_1256_20260508-124032/miniimagenet/prototype_refinement_conservative_pseudoval_sessionwise_bimc_dino_fusion/seed7_20260509-110642/results.json	--alpha_grid 0.5 0.75 1.0 --mass_thr 0.3 --min_count 5 --val_fraction 0.2 --base_val_conf_thr 0.5 --base_val_max_per_class 50 --fallback_alpha 0.75
pseudoval_20seed	cub200	7	experiments/bmvc_1256_20260508-124032/cub200/prototype_refinement_conservative_pseudoval_sessionwise_bimc_dino_fusion/seed7_20260509-111402/results.json	--alpha_grid 0.5 0.75 1.0 --mass_thr 0.3 --min_count 5 --val_fraction 0.2 --base_val_conf_thr 0.5 --base_val_max_per_class 50 --fallback_alpha 0.75
pseudoval_20seed	CIFAR100	8	experiments/bmvc_1256_20260508-124032/CIFAR100/prototype_refinement_conservative_pseudoval_sessionwise_bimc_dino_fusion/seed8_20260509-111759/results.json	--alpha_grid 0.5 0.75 1.0 --mass_thr 0.3 --min_count 5 --val_fraction 0.2 --base_val_conf_thr 0.5 --base_val_max_per_class 50 --fallback_alpha 0.75
pseudoval_20seed	miniimagenet	8	experiments/bmvc_1256_20260508-124032/miniimagenet/prototype_refinement_conservative_pseudoval_sessionwise_bimc_dino_fusion/seed8_20260509-112519/results.json	--alpha_grid 0.5 0.75 1.0 --mass_thr 0.3 --min_count 5 --val_fraction 0.2 --base_val_conf_thr 0.5 --base_val_max_per_class 50 --fallback_alpha 0.75
pseudoval_20seed	cub200	8	experiments/bmvc_1256_20260508-124032/cub200/prototype_refinement_conservative_pseudoval_sessionwise_bimc_dino_fusion/seed8_20260509-113239/results.json	--alpha_grid 0.5 0.75 1.0 --mass_thr 0.3 --min_count 5 --val_fraction 0.2 --base_val_conf_thr 0.5 --base_val_max_per_class 50 --fallback_alpha 0.75
pseudoval_20seed	CIFAR100	9	experiments/bmvc_1256_20260508-124032/CIFAR100/prototype_refinement_conservative_pseudoval_sessionwise_bimc_dino_fusion/seed9_20260509-113645/results.json	--alpha_grid 0.5 0.75 1.0 --mass_thr 0.3 --min_count 5 --val_fraction 0.2 --base_val_conf_thr 0.5 --base_val_max_per_class 50 --fallback_alpha 0.75
pseudoval_20seed	miniimagenet	9	experiments/bmvc_1256_20260508-124032/miniimagenet/prototype_refinement_conservative_pseudoval_sessionwise_bimc_dino_fusion/seed9_20260509-114436/results.json	--alpha_grid 0.5 0.75 1.0 --mass_thr 0.3 --min_count 5 --val_fraction 0.2 --base_val_conf_thr 0.5 --base_val_max_per_class 50 --fallback_alpha 0.75
pseudoval_20seed	cub200	9	experiments/bmvc_1256_20260508-124032/cub200/prototype_refinement_conservative_pseudoval_sessionwise_bimc_dino_fusion/seed9_20260509-115229/results.json	--alpha_grid 0.5 0.75 1.0 --mass_thr 0.3 --min_count 5 --val_fraction 0.2 --base_val_conf_thr 0.5 --base_val_max_per_class 50 --fallback_alpha 0.75
pseudoval_20seed	CIFAR100	10	experiments/bmvc_1256_20260508-124032/CIFAR100/prototype_refinement_conservative_pseudoval_sessionwise_bimc_dino_fusion/seed10_20260509-115641/results.json	--alpha_grid 0.5 0.75 1.0 --mass_thr 0.3 --min_count 5 --val_fraction 0.2 --base_val_conf_thr 0.5 --base_val_max_per_class 50 --fallback_alpha 0.75
